first_name,last_name,email,gender,date_of_birth
See,Trinkwon,strinkwon0@topsy.com,M,1940-09-28
Danni,Santi,dsanti1@psu.edu,F,1987-11-28
Agosto,Tomsa,atomsa2@wix.com,M,1983-10-02
Scotti,MacKaig,smackaig3@amazonaws.com,M,1966-09-19
Erl,Millam,emillam4@weibo.com,M,1929-10-05
Fran,Catt,fcatt5@stumbleupon.com,F,1937-05-06
Rubia,Rodenborch,rrodenborch6@behance.net,F,1952-10-23
Rosa,Alvy,ralvy7@odnoklassniki.ru,F,1943-10-12
Xenos,Ponting,xponting8@salon.com,M,1990-11-13
Nichole,Widdicombe,nwiddicombe9@paypal.com,M,1940-10-11
Bunnie,Dinnies,bdinniesa@twitter.com,F,1941-03-10
Heath,Stennine,hstennineb@ifeng.com,F,1990-08-04
Marcel,Conradie,mconradiec@github.io,M,1960-08-15
Tuesday,Jonin,tjonind@liveinternet.ru,F,1955-07-25
Lambert,Whatford,lwhatforde@discuz.net,M,1944-11-07
Inger,Rogier,irogierf@house.gov,F,1924-06-15
Tuck,Boggis,tboggisg@google.nl,M,1945-10-11
Perren,Sennett,psennetth@unc.edu,M,1978-03-14
Izaak,Robertelli,irobertellii@google.cn,M,1996-11-22
Hebert,Haydock,hhaydockj@indiegogo.com,M,1983-11-05
Rois,Tobin,rtobink@xrea.com,F,1970-07-30
Elysia,Lukock,elukockl@i2i.jp,F,2002-10-15
Chadwick,Sandison,csandisonm@msu.edu,M,1929-08-02
Gustave,Pauleit,gpauleitn@oracle.com,M,1972-02-13
Dinny,Benadette,dbenadetteo@adobe.com,F,1990-05-31
Jarvis,Halson,jhalsonp@slideshare.net,M,1938-08-30
Lincoln,Furmenger,lfurmengerq@goodreads.com,M,1951-01-29
Edvard,Brozsset,ebrozssetr@accuweather.com,M,1960-01-09
Almeta,Kneeshaw,akneeshaws@ezinearticles.com,F,1975-12-10
Winna,Latore,wlatoret@ycombinator.com,F,1946-09-11
Karita,Potes,kpotesu@jigsy.com,F,1952-06-14
Abbe,Muzzi,amuzziv@weibo.com,F,1942-05-31
Ally,Ayce,aaycew@ycombinator.com,F,1948-02-22
Bertram,Treby,btrebyx@oracle.com,M,1971-09-13
Reider,Jordeson,rjordesony@cnn.com,M,1948-04-26
Ebba,Brandom,ebrandomz@wunderground.com,F,1963-01-11
Harlie,Steet,hsteet10@ft.com,F,1959-05-25
Hagen,Pottes,hpottes11@stanford.edu,M,1972-07-08
Danni,Golton,dgolton12@baidu.com,F,1949-11-16
Corrie,Toleman,ctoleman13@amazon.co.jp,M,1969-08-26
Angil,Chaman,achaman14@uiuc.edu,F,1949-11-22
Payton,Jeannet,pjeannet15@studiopress.com,M,1925-05-06
Debby,Duke,dduke16@columbia.edu,F,1973-11-05
Stavro,Jonas,sjonas17@sourceforge.net,M,1934-09-23
Aile,Alejandro,aalejandro18@cargocollective.com,F,1979-03-14
Gualterio,Kleinber,gkleinber19@fema.gov,M,1997-09-03
Garth,Sancto,gsancto1a@google.es,M,1998-08-26
Andra,McKane,amckane1b@discuz.net,F,1948-07-05
Travis,Milstead,tmilstead1c@telegraph.co.uk,M,1976-03-30
Yasmeen,McLaren,ymclaren1d@google.ca,F,1931-11-09
Eddie,Klosa,eklosa1e@woothemes.com,M,1967-11-04
Lyman,Handes,lhandes1f@opensource.org,M,1958-05-12
Davida,MacCrosson,dmaccrosson1g@cornell.edu,F,1983-05-12
Smitty,Abrahamsson,sabrahamsson1h@techcrunch.com,M,2002-09-20
Salvador,Dodgson,sdodgson1i@si.edu,M,1979-09-24
Ruth,Batisse,rbatisse1j@ustream.tv,F,1983-08-18
Hugibert,Bracknall,hbracknall1k@eventbrite.com,M,1945-05-20
Arleyne,Heathfield,aheathfield1l@bloomberg.com,F,1946-06-21
Farica,Coughan,fcoughan1m@instagram.com,F,1994-02-13
Rozanna,Blanking,rblanking1n@fema.gov,F,1924-09-07
Hercules,Prigmore,hprigmore1o@ucla.edu,M,1963-10-25
Morgana,Lindholm,mlindholm1p@ovh.net,F,1956-07-11
Gaultiero,Corradengo,gcorradengo1q@flavors.me,M,1968-01-08
Elsy,Nettle,enettle1r@barnesandnoble.com,F,1984-09-05
Jerrome,Rhelton,jrhelton1s@yale.edu,M,1940-12-27
Cort,Shepard,cshepard1t@buzzfeed.com,M,1987-07-08
Talia,De Few,tdefew1u@joomla.org,F,1937-05-24
Stefan,Tortoishell,stortoishell1v@discovery.com,M,1963-06-25
Tresa,Frizell,tfrizell1w@newyorker.com,F,1951-10-05
Chrysa,Badrock,cbadrock1x@sciencedirect.com,F,1928-05-10
Selig,Waldie,swaldie1y@house.gov,M,1993-07-31
Dwayne,Groom,dgroom1z@zimbio.com,M,1957-03-14
Whitby,Swapp,wswapp20@bluehost.com,M,1939-12-24
Peter,Scadden,pscadden21@twitpic.com,M,1963-01-29
Tymon,Ceeley,tceeley22@yelp.com,M,1940-08-10
Ingrid,Asple,iasple23@creativecommons.org,F,2001-07-29
Ogdan,Purkiss,opurkiss24@networkadvertising.org,M,1944-11-14
Gale,Glenton,gglenton25@tiny.cc,M,1968-12-05
Alys,Batrip,abatrip26@forbes.com,F,1965-12-07
Luce,Devonport,ldevonport27@marriott.com,F,1963-07-05
Heather,Fergyson,hfergyson28@usgs.gov,F,1963-09-08
Felice,Gatch,fgatch29@cdbaby.com,F,1984-07-23
Barry,Tugman,btugman2a@abc.net.au,M,1931-05-31
Lin,Courtman,lcourtman2b@list-manage.com,F,1973-05-01
Pyotr,Jeanel,pjeanel2c@webnode.com,M,1974-11-14
Guilbert,Backhurst,gbackhurst2d@virginia.edu,M,1981-11-17
Noemi,Collecott,ncollecott2e@gmpg.org,F,1986-11-06
Anestassia,Seccombe,aseccombe2f@example.com,F,1979-08-09
Talbot,Keighly,tkeighly2g@uol.com.br,M,1925-11-07
Elinor,Marian,emarian2h@fc2.com,F,1980-02-18
Asia,Conibear,aconibear2i@reddit.com,F,1924-12-23
Christophorus,Wrighton,cwrighton2j@wix.com,M,1991-12-26
Rollie,O'Bruen,robruen2k@surveymonkey.com,M,1953-06-16
Xylina,Gorstidge,xgorstidge2l@mit.edu,F,1938-12-03
Arabele,Mundall,amundall2m@shutterfly.com,F,1948-08-02
Kristi,Cansdall,kcansdall2n@hexun.com,F,1943-03-17
Henrie,Parslow,hparslow2o@amazonaws.com,F,1978-03-14
Gwyneth,Neagle,gneagle2p@instagram.com,F,1985-10-25
Kandy,Josephsen,kjosephsen2q@prlog.org,F,1932-05-29
Melamie,McGlone,mmcglone2r@google.nl,F,1981-07-18
Stormy,Firidolfi,sfiridolfi2s@xrea.com,F,2002-06-18
Judith,Proger,jproger2t@google.es,F,2000-03-17
Bevon,Edlestone,bedlestone2u@myspace.com,M,1969-10-20
Emlynne,Boutton,eboutton2v@japanpost.jp,F,1936-08-14
Seamus,Meynell,smeynell2w@nps.gov,M,1977-01-23
Kristian,Jevons,kjevons2x@amazonaws.com,M,1945-05-20
Calli,Aleksankov,caleksankov2y@163.com,F,1950-06-05
Alvie,McGiven,amcgiven2z@sciencedirect.com,M,1991-03-08
Del,Snasdell,dsnasdell30@51.la,M,1981-03-03
Shae,Conibeer,sconibeer31@blogs.com,M,2001-10-01
Ruthi,Ellington,rellington32@themeforest.net,F,1991-07-06
Cordey,Whyberd,cwhyberd33@virginia.edu,F,1984-01-09
Pablo,Sibborn,psibborn34@i2i.jp,M,1992-02-14
Ford,Argontt,fargontt35@abc.net.au,M,1943-12-07
Jonis,Etter,jetter36@ftc.gov,F,1925-07-28
Lawry,Colbridge,lcolbridge37@nbcnews.com,M,1996-03-17
Sergei,Jellico,sjellico38@patch.com,M,1934-01-17
Adel,Kolyagin,akolyagin39@msn.com,F,1979-12-26
Emelita,Stuckes,estuckes3a@google.de,F,1950-04-23
Robbin,Carlson,rcarlson3b@pagesperso-orange.fr,F,1958-04-25
Rosalyn,Barrs,rbarrs3c@home.pl,F,1990-08-11
Ike,Forstall,iforstall3d@behance.net,M,1967-04-08
Ty,Winterborne,twinterborne3e@mtv.com,M,1983-09-05
Moe,Favel,mfavel3f@tiny.cc,M,1999-05-31
Jordan,Butten,jbutten3g@github.io,F,1926-03-12
Letty,Haslewood,lhaslewood3h@facebook.com,F,1965-04-07
Reggis,Tiesman,rtiesman3i@fotki.com,M,1942-01-12
Lorne,Pinnick,lpinnick3j@princeton.edu,M,1932-02-11
Nerissa,Kestle,nkestle3k@mapquest.com,F,1957-09-01
Cammy,Moth,cmoth3l@va.gov,M,1985-02-12
Roda,Wakeling,rwakeling3m@oracle.com,F,1953-01-31
Nevsa,Busek,nbusek3n@chronoengine.com,F,1981-07-02
Padraig,Mollon,pmollon3o@stanford.edu,M,1929-03-26
Granny,Dufaire,gdufaire3p@eepurl.com,M,1939-03-26
Curran,Fridaye,cfridaye3q@foxnews.com,M,1935-10-14
Coralie,Buntine,cbuntine3r@hatena.ne.jp,F,1969-07-29
Ethyl,Neller,eneller3s@businessweek.com,F,1982-06-20
Jordana,McNeillie,jmcneillie3t@squidoo.com,F,1941-08-27
Parke,Slack,pslack3u@house.gov,M,1977-03-22
Louie,Beiderbecke,lbeiderbecke3v@goo.gl,M,1921-01-29
Melly,Loughrey,mloughrey3w@economist.com,F,1982-08-24
Bart,Borzone,bborzone3x@examiner.com,M,1981-07-28
Em,Tomsen,etomsen3y@mediafire.com,F,1980-07-09
Angel,Saltmarshe,asaltmarshe3z@npr.org,M,1929-09-22
Devy,Coghlan,dcoghlan40@rediff.com,M,1921-03-24
Carlynne,Woodberry,cwoodberry41@pcworld.com,F,1993-08-11
Yoshiko,Grolle,ygrolle42@bbc.co.uk,F,1958-08-09
Dev,Worviell,dworviell43@digg.com,M,1945-06-01
Garv,Pinnion,gpinnion44@yellowbook.com,M,1954-08-30
Shaun,Dally,sdally45@noaa.gov,F,1931-06-08
Amie,Ghiotto,aghiotto46@google.de,F,1954-06-01
Brendon,Lies,blies47@umn.edu,M,1963-01-28
Desi,Tripcony,dtripcony48@dagondesign.com,M,1983-06-08
Tersina,Stroulger,tstroulger49@disqus.com,F,1990-04-09
Leyla,Coot,lcoot4a@unc.edu,F,1960-09-15
Monro,McCaig,mmccaig4b@de.vu,M,1951-02-23
Tammara,Closs,tcloss4c@devhub.com,F,1927-10-12
Leroy,Colleymore,lcolleymore4d@squidoo.com,M,1930-08-08
Roseanne,Late,rlate4e@eepurl.com,F,1939-10-20
Michel,Kastel,mkastel4f@privacy.gov.au,M,1970-12-18
Sibylla,Tuiller,stuiller4g@opensource.org,F,1979-06-08
Ross,Mazzeo,rmazzeo4h@wired.com,M,1924-12-03
Candy,Minall,cminall4i@w3.org,F,1941-12-31
Hillary,Heenan,hheenan4j@networkadvertising.org,F,1954-03-16
Miller,De La Haye,mdelahaye4k@mozilla.org,M,1922-12-07
Jarad,Iacavone,jiacavone4l@patch.com,M,1955-05-28
Herold,Tidmas,htidmas4m@bravesites.com,M,1986-03-07
Candi,Spiaggia,cspiaggia4n@com.com,F,1969-08-28
Sheree,Bourrel,sbourrel4o@nhs.uk,F,1986-08-08
Arlen,Casebourne,acasebourne4p@nih.gov,F,1980-11-06
Cosmo,Rudd,crudd4q@paginegialle.it,M,1953-03-13
Lani,Moxstead,lmoxstead4r@cyberchimps.com,F,1962-06-04
Dalt,McLugish,dmclugish4s@dedecms.com,M,1926-12-04
Linell,Hiner,lhiner4t@twitter.com,F,1969-08-19
Sumner,Francisco,sfrancisco4u@netscape.com,M,1922-01-28
Ignacius,Fonzone,ifonzone4v@harvard.edu,M,1929-07-31
Brinn,Schrieves,bschrieves4w@howstuffworks.com,F,1929-10-07
Conny,Hebron,chebron4x@a8.net,F,1962-09-05
Bevon,Aberkirdo,baberkirdo4y@purevolume.com,M,1953-11-13
Dorise,Morrilly,dmorrilly4z@dot.gov,F,1927-11-25
Kalina,Blasli,kblasli50@indiatimes.com,F,1964-08-31
Brewer,Truder,btruder51@hp.com,M,1951-06-03
Norby,Tonkinson,ntonkinson52@quantcast.com,M,1937-07-05
Karlotte,Maslen,kmaslen53@adobe.com,F,1921-02-09
Petra,Donke,pdonke54@goo.ne.jp,F,1955-11-12
Emelda,Aston,easton55@stumbleupon.com,F,1941-09-18
Tiffi,Coules,tcoules56@weibo.com,F,1988-12-17
Mile,Surphliss,msurphliss57@feedburner.com,M,1940-12-15
Sonni,Brittlebank,sbrittlebank58@hostgator.com,F,2002-04-24
Laurent,Durnford,ldurnford59@prnewswire.com,M,1948-02-12
Fairfax,Simony,fsimony5a@amazon.com,M,1982-03-01
Charley,Androsik,candrosik5b@indiegogo.com,M,1954-11-25
Binky,Mollnar,bmollnar5c@prnewswire.com,M,1955-08-27
Ivor,Wilgar,iwilgar5d@cnbc.com,M,1957-11-24
Genevra,Cardenoso,gcardenoso5e@columbia.edu,F,1986-01-24
Evelyn,Jagoe,ejagoe5f@npr.org,M,1982-07-20
Tandie,Essel,tessel5g@vistaprint.com,F,1923-04-02
Estrella,Sigfrid,esigfrid5h@dell.com,F,1948-03-23
Henryetta,Otterwell,hotterwell5i@mediafire.com,F,1971-03-31
Ellette,Rodgers,erodgers5j@opensource.org,F,1953-10-11
Dayna,Sex,dsex5k@cornell.edu,F,1960-05-28
Berget,Rickerby,brickerby5l@deliciousdays.com,F,1984-04-28
Roddie,MacCracken,rmaccracken5m@geocities.com,M,1982-03-14
Lizzie,Duncklee,lduncklee5n@time.com,F,1962-04-30
Brnaby,Tree,btree5o@flickr.com,M,1981-06-08
Cindra,Brummell,cbrummell5p@google.com.au,F,1942-10-08
Damian,Trounson,dtrounson5q@csmonitor.com,M,1995-03-31
Dev,Wardlow,dwardlow5r@thetimes.co.uk,M,1935-11-21
Alika,Riehm,ariehm5s@pen.io,F,1973-09-10
Gale,Thomton,gthomton5t@latimes.com,M,1939-04-25
Bjorn,Hudspeth,bhudspeth5u@google.com.br,M,1954-07-02
Ailina,Feare,afeare5v@un.org,F,1937-12-15
Maurita,Elies,melies5w@google.ca,F,1963-12-07
Diahann,De Caroli,ddecaroli5x@barnesandnoble.com,F,2001-05-29
Thaddeus,De Few,tdefew5y@dagondesign.com,M,1944-04-12
Ingra,Manie,imanie5z@earthlink.net,M,1962-09-24
Parrnell,Banaszczyk,pbanaszczyk60@live.com,M,1958-06-02
Anne-corinne,Holley,aholley61@weather.com,F,1977-07-03
Averill,Tant,atant62@guardian.co.uk,M,1947-07-18
Curcio,Print,cprint63@springer.com,M,1971-07-07
Coop,McGuff,cmcguff64@topsy.com,M,1927-01-06
Juliann,Westwell,jwestwell65@loc.gov,F,1992-02-10
Clarisse,Kaminski,ckaminski66@nps.gov,F,1989-05-08
Layney,Benedite,lbenedite67@tripod.com,F,1942-11-21
Caitrin,Ramsey,cramsey68@forbes.com,F,1960-11-16
Budd,Frazier,bfrazier69@vkontakte.ru,M,1978-05-16
Milicent,Czaple,mczaple6a@ezinearticles.com,F,1921-05-16
Lian,Babb,lbabb6b@ifeng.com,F,1965-05-16
Corbett,Ackhurst,cackhurst6c@ifeng.com,M,1951-04-03
Ingamar,Davydzenko,idavydzenko6d@plala.or.jp,M,1976-06-11
Annabell,Sinson,asinson6e@cnbc.com,F,1987-02-18
Trix,Broschke,tbroschke6f@ebay.co.uk,F,1984-06-04
Hermia,Knifton,hknifton6g@examiner.com,F,1950-03-05
Waldon,Gush,wgush6h@paginegialle.it,M,1939-04-17
Georges,Newart,gnewart6i@shareasale.com,M,1980-09-30
Raquela,Heard,rheard6j@examiner.com,F,1926-04-19
Hughie,Davidman,hdavidman6k@walmart.com,M,1929-01-13
Missie,Manifield,mmanifield6l@rakuten.co.jp,F,1956-10-27
Brook,Gadney,bgadney6m@vimeo.com,F,1925-11-13
Sherwood,Jull,sjull6n@prweb.com,M,1959-12-10
Aloin,Buckney,abuckney6o@sogou.com,M,1951-01-02
Ara,Bogace,abogace6p@hao123.com,M,1955-04-22
Karlens,Rillett,krillett6q@tamu.edu,M,1925-01-23
Noll,Peiser,npeiser6r@ameblo.jp,M,1947-04-21
Holt,Breton,hbreton6s@soundcloud.com,M,1989-02-08
Eolande,Rosenberg,erosenberg6t@phoca.cz,F,1923-01-07
Stacia,Janney,sjanney6u@dedecms.com,F,1960-12-23
Ashlen,Halbard,ahalbard6v@marketwatch.com,F,1976-09-08
Kelsy,Gouch,kgouch6w@unicef.org,F,1922-06-01
Debora,Sclater,dsclater6x@4shared.com,F,1948-02-11
Claudell,Ogg,cogg6y@amazon.co.jp,M,1921-04-04
Enrique,Rupprecht,erupprecht6z@ftc.gov,M,1986-02-14
Warde,Cuschieri,wcuschieri70@cmu.edu,M,1939-11-20
Claudia,Autrie,cautrie71@qq.com,F,1982-11-11
Yves,Passmore,ypassmore72@simplemachines.org,M,1964-05-15
Francklin,Oxteby,foxteby73@blogspot.com,M,1990-09-05
Lilli,Hyams,lhyams74@e-recht24.de,F,1979-09-03
Rosella,Swadling,rswadling75@cbslocal.com,F,1942-02-11
Evin,Vaissiere,evaissiere76@wordpress.com,M,1947-12-20
Dinah,Martinuzzi,dmartinuzzi77@xinhuanet.com,F,1985-10-19
Aubert,Blincow,ablincow78@who.int,M,1993-03-06
Benny,Beckitt,bbeckitt79@comcast.net,F,1942-01-05
Seline,Warder,swarder7a@ucla.edu,F,1975-08-21
Golda,Annesley,gannesley7b@jiathis.com,F,1922-04-09
Egan,Burnard,eburnard7c@vistaprint.com,M,1992-04-29
Rosette,Grenfell,rgrenfell7d@biglobe.ne.jp,F,1928-03-26
Gill,Wollers,gwollers7e@ca.gov,F,1954-10-03
Adria,Colyer,acolyer7f@psu.edu,F,1968-03-18
Lisha,Mattia,lmattia7g@tinyurl.com,F,1951-08-23
Tomas,Waterdrinker,twaterdrinker7h@marketwatch.com,M,1994-10-18
Raina,Harnwell,rharnwell7i@mysql.com,F,1980-08-19
Corbin,Hubatsch,chubatsch7j@aboutads.info,M,1977-05-16
Halimeda,Cinelli,hcinelli7k@admin.ch,F,1981-09-25
Birgit,McOwan,bmcowan7l@statcounter.com,F,1952-03-29
Morry,Peete,mpeete7m@bloomberg.com,M,1983-04-27
Jabez,Wadie,jwadie7n@state.tx.us,M,1979-06-29
Deonne,Stockow,dstockow7o@shop-pro.jp,F,1930-08-09
Abelard,Tebbet,atebbet7p@mapy.cz,M,1986-01-26
Hayward,Pylkynyton,hpylkynyton7q@cnet.com,M,1951-02-20
Zelig,Shelf,zshelf7r@home.pl,M,1928-11-07
Bink,Costell,bcostell7s@businessweek.com,M,1936-06-07
Gerrard,Gaskal,ggaskal7t@friendfeed.com,M,1982-03-28
Grace,Raffles,graffles7u@japanpost.jp,F,1971-10-24
Mandi,Goodbarr,mgoodbarr7v@qq.com,F,1969-05-04
Zorah,Gittins,zgittins7w@amazon.co.uk,F,1951-09-30
Wald,Wittman,wwittman7x@geocities.jp,M,1976-01-28
Jolene,Goodier,jgoodier7y@feedburner.com,F,1941-10-01
Zacharie,Bentke,zbentke7z@businesswire.com,M,1929-12-10
Marten,Frigout,mfrigout80@ibm.com,M,1989-01-27
Chen,Euels,ceuels81@dailymotion.com,M,1988-12-27
Hyacinthie,Marcone,hmarcone82@reddit.com,F,1969-08-29
Philippine,Grahamslaw,pgrahamslaw83@narod.ru,F,1933-09-06
Christie,Gladstone,cgladstone84@dion.ne.jp,F,1986-08-06
Gilberte,Yushkov,gyushkov85@scribd.com,F,1932-04-09
Iorgos,Vescovini,ivescovini86@washingtonpost.com,M,1975-06-08
Rufe,Costard,rcostard87@ning.com,M,1926-11-21
Gaby,Withringten,gwithringten88@imdb.com,M,1997-02-02
Nickolai,Ellingham,nellingham89@eepurl.com,M,1999-02-04
Yvor,Verrills,yverrills8a@usda.gov,M,1968-12-24
Sibylla,Yukhnevich,syukhnevich8b@wired.com,F,1924-07-19
Maryjane,Girkin,mgirkin8c@nps.gov,F,1991-09-06
Shurlocke,Banbridge,sbanbridge8d@newyorker.com,M,1978-08-08
Evangeline,Abrahmson,eabrahmson8e@uol.com.br,F,1933-06-02
Netti,Gawkes,ngawkes8f@spotify.com,F,1944-10-25
Corny,Messer,cmesser8g@bing.com,M,1949-07-14
Dulcia,Roache,droache8h@people.com.cn,F,1946-09-18
Briggs,Attfield,battfield8i@skyrock.com,M,1941-05-15
Gill,Quin,gquin8j@stumbleupon.com,F,1959-05-03
Taite,Finan,tfinan8k@nytimes.com,M,1990-03-09
Yehudi,Popham,ypopham8l@ask.com,M,1965-09-10
Pamella,Stygall,pstygall8m@dailymotion.com,F,1924-09-20
Perry,Poyle,ppoyle8n@forbes.com,M,1954-07-28
Dannie,Mytton,dmytton8o@who.int,F,2000-02-04
Junia,Baysting,jbaysting8p@zdnet.com,F,1940-03-31
Anette,Beall,abeall8q@naver.com,F,1924-02-05
Sherie,Maddocks,smaddocks8r@flavors.me,F,1945-11-27
Ines,Dacombe,idacombe8s@bbb.org,F,1961-04-03
Annadiana,Smithen,asmithen8t@vistaprint.com,F,1950-10-02
Durward,Queen,dqueen8u@ted.com,M,1963-07-20
Andie,Shiliton,ashiliton8v@economist.com,M,1979-10-12
Sergei,Gerrelts,sgerrelts8w@g.co,M,1936-09-04
Valentia,Domel,vdomel8x@europa.eu,F,1958-01-14
Stesha,Hamblington,shamblington8y@meetup.com,F,1988-04-13
Lemar,Wilfling,lwilfling8z@ihg.com,M,1947-06-04
Lorne,Kubera,lkubera90@harvard.edu,F,1982-07-25
Juliette,Dik,jdik91@indiatimes.com,F,1986-07-24
Alleyn,Espadas,aespadas92@altervista.org,M,1971-05-15
Anjela,Duerdin,aduerdin93@list-manage.com,F,1937-02-04
Flem,Hobbing,fhobbing94@senate.gov,M,1974-02-27
Humfrid,Kubecka,hkubecka95@mysql.com,M,1950-08-24
Janeczka,Gwin,jgwin96@patch.com,F,1989-10-03
Annabela,Braunfeld,abraunfeld97@java.com,F,1966-09-26
Guglielma,Dumelow,gdumelow98@dedecms.com,F,1957-09-08
Vina,Goldthorpe,vgoldthorpe99@drupal.org,F,2000-10-19
Nealon,Willbourne,nwillbourne9a@icq.com,M,1976-11-20
Bernie,Kiossel,bkiossel9b@google.co.jp,M,1956-12-16
Grace,Petruszka,gpetruszka9c@usatoday.com,M,1945-10-01
Jodi,Franzel,jfranzel9d@marriott.com,M,1925-09-09
Alfredo,Spilstead,aspilstead9e@jiathis.com,M,1972-10-24
Kipp,Hacaud,khacaud9f@taobao.com,M,1998-02-24
Rainer,Hedman,rhedman9g@sun.com,M,1922-01-29
Alina,Menaul,amenaul9h@auda.org.au,F,1980-11-27
Almeria,Snadden,asnadden9i@answers.com,F,1988-10-26
Stanislaw,Tonry,stonry9j@soup.io,M,1938-10-23
Bethany,Tilby,btilby9k@acquirethisname.com,F,1943-02-20
Roanna,Seear,rseear9l@over-blog.com,F,1929-10-24
Inessa,Servant,iservant9m@upenn.edu,F,1972-10-22
Antin,Fife,afife9n@dropbox.com,M,1979-04-13
Roxie,Mulcock,rmulcock9o@dailymail.co.uk,F,1963-02-01
Wright,Volks,wvolks9p@tiny.cc,M,1926-07-17
Cristobal,Stovin,cstovin9q@opensource.org,M,1930-03-28
Windy,Bramwell,wbramwell9r@vistaprint.com,F,1925-01-13
Gillian,Lisciandri,glisciandri9s@arizona.edu,F,1986-11-14
Anita,Dockrell,adockrell9t@tinyurl.com,F,1932-07-17
Jenna,Emberton,jemberton9u@elegantthemes.com,F,1927-02-14
Devonna,Sprigging,dsprigging9v@ed.gov,F,1965-08-27
Westley,Flescher,wflescher9w@cpanel.net,M,1993-02-14
Adler,Paoletto,apaoletto9x@forbes.com,M,1999-04-05
Annabal,Andrioni,aandrioni9y@yolasite.com,F,1982-10-20
Grantley,Gasken,ggasken9z@woothemes.com,M,1952-01-19
Denise,Grimsdith,dgrimsditha0@yahoo.co.jp,F,1931-08-06
Melisenda,Strangwood,mstrangwooda1@pagesperso-orange.fr,F,1974-01-18
Kaspar,Sawdon,ksawdona2@msn.com,M,1974-02-17
Hermann,Woolcocks,hwoolcocksa3@theguardian.com,M,1968-04-13
Erastus,Leatherbarrow,eleatherbarrowa4@vinaora.com,M,1958-05-13
Melisenda,Wimbridge,mwimbridgea5@bizjournals.com,F,1941-12-18
Riki,Zolini,rzolinia6@dmoz.org,F,1944-03-28
Mada,Scarr,mscarra7@oracle.com,F,1994-07-07
Mel,Tillett,mtilletta8@cyberchimps.com,F,1940-06-30
Lurlene,Corbin,lcorbina9@prlog.org,F,1994-03-10
Alisha,O'Hagerty,aohagertyaa@intel.com,F,1955-12-21
Burl,Strowger,bstrowgerab@java.com,M,1982-01-25
Elvira,Bignal,ebignalac@japanpost.jp,F,1948-06-11
Mercedes,Maplethorpe,mmaplethorpead@jimdo.com,F,1984-02-12
Margarette,Lincke,mlinckeae@house.gov,F,1978-02-09
Fitzgerald,Elmes,felmesaf@bluehost.com,M,1935-11-29
Jervis,Elloy,jelloyag@xinhuanet.com,M,1988-04-13
Cleve,Wilmore,cwilmoreah@live.com,M,1942-03-14
Nye,Gazey,ngazeyai@bloomberg.com,M,1982-02-13
Richart,Uc,rucaj@slate.com,M,1995-06-21
Cecilius,Woodstock,cwoodstockak@cisco.com,M,1945-06-04
Kristy,Kettow,kkettowal@china.com.cn,F,1995-02-07
Findley,Lack,flackam@gravatar.com,M,1970-11-29
Christiane,Sackur,csackuran@mit.edu,F,1994-06-19
Adeline,Escalante,aescalanteao@csmonitor.com,F,1981-01-18
Yvor,Dudley,ydudleyap@whitehouse.gov,M,1972-12-16
Ansell,Bodycombe,abodycombeaq@jigsy.com,M,1961-03-31
Gaspard,Goodere,ggooderear@state.tx.us,M,1946-08-27
Olav,Harling,oharlingas@google.com.hk,M,1971-09-15
Ricardo,Kovnot,rkovnotat@hao123.com,M,1988-03-02
Oswald,Reary,orearyau@opensource.org,M,1985-06-27
Sidney,Orehead,soreheadav@princeton.edu,M,1959-05-30
Xerxes,Armitt,xarmittaw@ebay.co.uk,M,1995-06-07
Yancy,Rominov,yrominovax@alibaba.com,M,1997-11-28
Giustino,Sitford,gsitforday@shinystat.com,M,1960-12-29
Cookie,Walsh,cwalshaz@yahoo.com,F,1949-08-02
Celka,Wordley,cwordleyb0@wsj.com,F,1988-10-21
Roseann,Trase,rtraseb1@noaa.gov,F,1931-12-13
Christin,Crossman,ccrossmanb2@booking.com,F,2000-11-14
Gena,Klimashevich,gklimashevichb3@istockphoto.com,F,1951-01-02
Hubie,Malpass,hmalpassb4@dedecms.com,M,1951-03-23
Laurene,Chastang,lchastangb5@de.vu,F,1991-09-13
Chrystel,Grosvener,cgrosvenerb6@marriott.com,F,2001-05-06
Bogey,Sollett,bsollettb7@addtoany.com,M,1936-07-27
Steffane,Doodson,sdoodsonb8@ifeng.com,F,1953-11-04
Liana,Dilland,ldillandb9@facebook.com,F,1954-05-09
Kailey,Prophet,kprophetba@ustream.tv,F,1987-04-02
Rachele,Camosso,rcamossobb@msn.com,F,1945-11-25
Maryellen,Kernaghan,mkernaghanbc@paginegialle.it,F,1978-06-25
Allyn,Float,afloatbd@posterous.com,F,1997-03-14
Taber,Harwin,tharwinbe@wired.com,M,1974-05-29
Jeanine,Simione,jsimionebf@netscape.com,F,1959-08-15
Lucas,Leggatt,lleggattbg@amazon.co.uk,M,1996-08-11
Sonny,Stoad,sstoadbh@newyorker.com,F,1937-08-20
Cleve,Sannes,csannesbi@tiny.cc,M,1979-03-06
Sergio,Pizer,spizerbj@sun.com,M,1988-10-31
Trudi,Clapson,tclapsonbk@nih.gov,F,1948-04-29
Jameson,Aspinwall,jaspinwallbl@imgur.com,M,1990-04-03
Kaela,Veighey,kveigheybm@acquirethisname.com,F,1925-12-27
Kippar,Pedrocchi,kpedrocchibn@360.cn,M,1979-04-19
Emerson,Jakes,ejakesbo@surveymonkey.com,M,1949-09-28
Abran,Thain,athainbp@altervista.org,M,1926-02-07
Iolande,Gayter,igayterbq@ask.com,F,1927-08-06
Akim,Eede,aeedebr@marriott.com,M,1942-12-04
Kerwin,Sekulla,ksekullabs@timesonline.co.uk,M,1997-07-03
Yorke,Viner,yvinerbt@meetup.com,M,1970-06-14
Clint,Boast,cboastbu@privacy.gov.au,M,1948-07-19
Aimil,Macro,amacrobv@kickstarter.com,F,1929-06-19
Zoe,Wrout,zwroutbw@sphinn.com,F,1931-04-04
Kort,Prott,kprottbx@businessinsider.com,M,1958-05-03
Charissa,Duester,cduesterby@delicious.com,F,1999-09-18
Becka,Sturmey,bsturmeybz@yale.edu,F,1932-10-01
Kayne,Gaunt,kgauntc0@storify.com,M,1997-04-03
Emalee,Skett,eskettc1@ustream.tv,F,1969-10-09
Myrna,Dishman,mdishmanc2@51.la,F,2002-09-09
Rolando,Kanter,rkanterc3@archive.org,M,1956-05-14
Janina,Dresser,jdresserc4@prweb.com,F,1966-03-16
Cecil,Overlow,coverlowc5@blogtalkradio.com,F,1984-04-02
Biddy,Ranyelld,branyelldc6@mysql.com,F,1971-12-23
Carol-jean,Peat,cpeatc7@bbc.co.uk,F,1982-01-21
Ax,Cestard,acestardc8@tripod.com,M,1971-10-17
Ernesta,Wilfling,ewilflingc9@last.fm,F,1969-11-22
Rozanne,Beeken,rbeekenca@sciencedirect.com,F,1978-09-10
Tiffy,Danilovic,tdaniloviccb@eepurl.com,F,1967-08-05
Bridgette,Rodgers,brodgerscc@reverbnation.com,F,1983-08-21
Waylon,Lewsey,wlewseycd@webmd.com,M,1959-09-18
Sancho,Dinsdale,sdinsdalece@163.com,M,1957-01-13
Marianne,Riddich,mriddichcf@cmu.edu,F,1981-11-02
Bunni,Markushkin,bmarkushkincg@free.fr,F,1984-04-14
Grayce,Rayner,graynerch@weibo.com,F,1941-07-01
Inglebert,Emsley,iemsleyci@studiopress.com,M,1946-09-05
Taddeo,Slobom,tslobomcj@noaa.gov,M,1953-11-18
Rodrick,Presshaugh,rpresshaughck@google.cn,M,1970-06-13
Camile,Zeplin,czeplincl@loc.gov,F,1942-03-31
Clement,Demange,cdemangecm@wp.com,M,1978-06-28
Myrah,Koene,mkoenecn@mashable.com,F,1981-09-08
Conni,Hurdman,churdmanco@diigo.com,F,1940-06-01
Nahum,Quickfall,nquickfallcp@java.com,M,1994-08-11
Allen,Godfrey,agodfreycq@soundcloud.com,M,1986-02-26
Anthiathia,Khoter,akhotercr@cocolog-nifty.com,F,1993-04-09
Korney,Downing,kdowningcs@goodreads.com,F,1962-10-12
Kinna,Le Breton,klebretonct@imdb.com,F,1961-08-15
Diego,Chaudret,dchaudretcu@skyrock.com,M,1955-05-20
Grace,Burg,gburgcv@digg.com,F,1954-07-18
Brook,Hutson,bhutsoncw@google.co.uk,M,2000-11-03
Randi,Vogelein,rvogeleincx@addtoany.com,F,1991-11-07
Frasquito,Milella,fmilellacy@unesco.org,M,1963-11-24
Angelle,Creaney,acreaneycz@hp.com,F,1975-05-30
Ellyn,Corrado,ecorradod0@bandcamp.com,F,1977-12-09
Nye,Elfleet,nelfleetd1@elegantthemes.com,M,1937-02-28
Andria,Paske,apasked2@devhub.com,F,2002-10-14
Andriana,Rawet,arawetd3@wordpress.org,F,1958-11-01
Isahella,Jirousek,ijirousekd4@irs.gov,F,1983-04-06
Mellicent,Tudgay,mtudgayd5@aol.com,F,1995-12-04
Nanine,Rohlfs,nrohlfsd6@statcounter.com,F,1943-03-17
Trina,Nial,tniald7@ucla.edu,F,1971-10-17
Felicia,Itzcovich,fitzcovichd8@cisco.com,F,1997-08-02
Carlina,Satterly,csatterlyd9@blogs.com,F,1965-02-08
Corine,Ingray,cingrayda@nyu.edu,F,1997-05-29
Benita,Connichie,bconnichiedb@flavors.me,F,1987-10-20
Parsifal,Vickors,pvickorsdc@toplist.cz,M,1963-04-22
Elinor,Pennetti,epennettidd@unicef.org,F,1975-05-21
Bertrando,Sayse,bsaysede@miibeian.gov.cn,M,1963-01-01
Viviene,Roumier,vroumierdf@telegraph.co.uk,F,1984-05-16
Deina,Trimmell,dtrimmelldg@narod.ru,F,1974-11-21
Christiano,Macbane,cmacbanedh@dailymotion.com,M,1989-05-29
Willamina,Pummery,wpummerydi@fda.gov,F,1995-03-28
Mikael,Havercroft,mhavercroftdj@homestead.com,M,1924-03-05
Ernst,Thandi,ethandidk@php.net,M,1948-11-14
Jaymie,Barnson,jbarnsondl@ucla.edu,M,1938-05-03
Thedrick,Witcombe,twitcombedm@ovh.net,M,1931-01-21
Louise,Mattes,lmattesdn@lulu.com,F,1921-01-20
Allen,McKeefry,amckeefrydo@phoca.cz,M,1993-05-09
Darcie,Hambleton,dhambletondp@deliciousdays.com,F,1929-10-18
Tan,Berrycloth,tberryclothdq@sogou.com,M,1931-04-10
Kora,Di Batista,kdibatistadr@a8.net,F,1978-01-06
Ewart,De Filippi,edefilippids@chron.com,M,1997-04-21
Early,Hintze,ehintzedt@artisteer.com,M,1971-04-11
Hilary,Rosel,hroseldu@last.fm,M,1965-03-20
Keely,Adenet,kadenetdv@vistaprint.com,F,1968-08-05
Maura,MacDiarmid,mmacdiarmiddw@un.org,F,1945-08-10
Morgen,Reicharz,mreicharzdx@sciencedirect.com,M,1933-06-19
Vic,Rushe,vrushedy@tmall.com,M,1983-05-11
Edee,Borthram,eborthramdz@paginegialle.it,F,1921-11-12
Edd,Petrulis,epetrulise0@drupal.org,M,1946-03-21
Chester,Serraillier,cserrailliere1@baidu.com,M,1963-07-02
Allyce,Childes,achildese2@ucoz.com,F,1981-07-22
Matty,Simenel,msimenele3@jalbum.net,M,1983-08-07
Birgitta,Bretton,bbrettone4@liveinternet.ru,F,1929-06-22
Rutledge,Ferryman,rferrymane5@jigsy.com,M,1939-10-06
Farrel,Morman,fmormane6@addtoany.com,M,1984-03-19
Bradley,Lazenbury,blazenburye7@mashable.com,M,1996-09-17
Rosene,Caurah,rcaurahe8@unesco.org,F,1922-11-02
Laraine,Albery,lalberye9@home.pl,F,1996-07-14
Sasha,Confort,sconfortea@creativecommons.org,F,1994-06-02
Morten,Melliard,mmelliardeb@google.com.au,M,1951-01-11
Tann,Devlin,tdevlinec@yelp.com,M,1959-08-23
Danni,Upham,duphamed@blogger.com,F,1961-12-27
Kristen,Henkmann,khenkmannee@indiegogo.com,F,1932-07-22
Devland,Wain,dwainef@constantcontact.com,M,1938-05-28
Valerye,Sehorsch,vsehorscheg@myspace.com,F,1957-09-07
Sharyl,D'Ambrogi,sdambrogieh@booking.com,F,1970-11-04
Arron,Bernardini,abernardiniei@yahoo.co.jp,M,1994-05-08
Audra,Stoodale,astoodaleej@virginia.edu,F,1953-12-26
Inna,Motto,imottoek@google.com.hk,F,1992-08-30
Zondra,Musk,zmuskel@cpanel.net,F,1939-11-30
Linet,Orht,lorhtem@webmd.com,F,1955-04-12
Hamel,Woolaston,hwoolastonen@aol.com,M,1925-11-16
Teddi,Millen,tmilleneo@addtoany.com,F,1962-05-14
Rubie,Merriday,rmerridayep@ucoz.com,F,1990-07-29
Sonnie,Dillinton,sdillintoneq@omniture.com,M,1959-07-05
Kelbee,Guynemer,kguynemerer@bizjournals.com,M,1937-11-24
Francklyn,Boards,fboardses@cloudflare.com,M,1947-03-28
Pincas,Colman,pcolmanet@phoca.cz,M,1976-10-13
Munroe,Dorr,mdorreu@a8.net,M,1947-08-27
Melanie,Tocqueville,mtocquevilleev@pagesperso-orange.fr,F,1932-06-20
Charo,Cliffe,ccliffeew@nba.com,F,1965-08-27
Ilyse,Tallyn,itallynex@hud.gov,F,1927-03-11
Merci,Totman,mtotmaney@harvard.edu,F,1978-03-06
Fitzgerald,Worgen,fworgenez@wordpress.com,M,1945-07-02
Harmony,Kingdon,hkingdonf0@discuz.net,F,1993-10-19
Sue,Brumen,sbrumenf1@live.com,F,1984-08-21
Marlyn,Fickling,mficklingf2@ning.com,F,1935-11-25
Charmion,MacKettrick,cmackettrickf3@ehow.com,F,1948-03-01
Clarabelle,Paulmann,cpaulmannf4@xing.com,F,1939-08-19
Antonietta,Kleinert,akleinertf5@cbslocal.com,F,1953-06-28
Katalin,Ingerfield,kingerfieldf6@bloglines.com,F,1974-03-18
Arielle,Wardale,awardalef7@fda.gov,F,1989-04-07
Vyky,Renner,vrennerf8@ox.ac.uk,F,1961-09-20
Orv,Hawton,ohawtonf9@shareasale.com,M,1953-02-03
Caro,Vercruysse,cvercruyssefa@businessweek.com,F,1992-11-24
Hersch,McInnes,hmcinnesfb@soup.io,M,1947-04-22
Nadeen,Robotham,nrobothamfc@desdev.cn,F,1924-03-18
Georgy,Fennelow,gfennelowfd@apple.com,M,1964-08-11
Kanya,Riccardo,kriccardofe@spotify.com,F,1968-07-24
Lauraine,Womack,lwomackff@fastcompany.com,F,1954-07-10
Townie,Schruyers,tschruyersfg@ucla.edu,M,1958-05-01
Marten,Tabbernor,mtabbernorfh@usnews.com,M,1970-01-08
Towny,Axten,taxtenfi@posterous.com,M,1957-07-10
Sarene,Hullin,shullinfj@wsj.com,F,1983-11-21
Lionel,A'Barrow,labarrowfk@apple.com,M,2001-11-15
Inglebert,Finlayson,ifinlaysonfl@icq.com,M,1922-05-04
Derwin,Molson,dmolsonfm@ucoz.ru,M,1977-10-04
Romola,Schwandermann,rschwandermannfn@lulu.com,F,1998-11-06
Lynett,Merryfield,lmerryfieldfo@google.com.hk,F,1938-10-13
Dannie,Larrington,dlarringtonfp@accuweather.com,F,1924-03-12
Julia,Goligher,jgoligherfq@npr.org,F,1948-03-22
Tommi,Jackman,tjackmanfr@aol.com,F,1991-06-03
Rosabelle,Hyde,rhydefs@nature.com,F,1957-11-08
Bellanca,O'Duggan,bodugganft@blog.com,F,1980-06-01
Monah,Ferreira,mferreirafu@reference.com,F,1967-01-24
Sidnee,Mc-Kerley,smckerleyfv@oakley.com,M,1945-10-15
Nilson,Ortiga,nortigafw@google.es,M,1935-02-26
Skell,Slate,sslatefx@odnoklassniki.ru,M,1996-07-19
Graeme,Kennally,gkennallyfy@opera.com,M,1960-12-03
Cletis,Treher,ctreherfz@oakley.com,M,1933-02-16
Hollyanne,Kerrigan,hkerrigang0@mit.edu,F,1939-03-16
Elysha,Gatecliffe,egatecliffeg1@statcounter.com,F,1956-01-05
Jessie,Duran,jdurang2@comsenz.com,M,1955-11-25
Shermie,Bogaert,sbogaertg3@virginia.edu,M,1994-06-17
Susanetta,Correa,scorreag4@ameblo.jp,F,1940-06-20
Lizbeth,Umbert,lumbertg5@bizjournals.com,F,1932-04-08
Anni,Sedgeworth,asedgeworthg6@so-net.ne.jp,F,1999-03-02
Gwynne,Kochel,gkochelg7@unesco.org,F,1939-05-18
Adrea,Booth,aboothg8@engadget.com,F,1953-10-25
Belia,Lauder,blauderg9@prnewswire.com,F,1967-12-10
Arther,Jiru,ajiruga@vinaora.com,M,1983-07-29
Sybil,Tailour,stailourgb@indiatimes.com,F,1921-07-22
Karlen,Raymont,kraymontgc@redcross.org,F,1995-08-03
Ginnie,McLevie,gmcleviegd@bravesites.com,F,1978-12-20
Cody,Seyfart,cseyfartge@accuweather.com,M,1961-04-18
Tessy,Botcherby,tbotcherbygf@tumblr.com,F,1997-11-06
Gwynne,Milillo,gmilillogg@abc.net.au,F,2000-08-04
Gaylene,MacFarlan,gmacfarlangh@usnews.com,F,1938-02-23
Darius,Wheadon,dwheadongi@bandcamp.com,M,1985-01-17
Grantham,Squeers,gsqueersgj@quantcast.com,M,1954-08-05
Heda,Blackster,hblackstergk@1und1.de,F,1969-07-31
Lovell,Maxwaile,lmaxwailegl@telegraph.co.uk,M,1998-09-07
Frans,Saiz,fsaizgm@wufoo.com,M,1981-08-12
Averell,Attard,aattardgn@eventbrite.com,M,1989-03-01
Elijah,Martins,emartinsgo@simplemachines.org,M,1997-12-02
Osbert,Uccello,ouccellogp@hud.gov,M,1965-10-23
Vincents,Bernetti,vbernettigq@webnode.com,M,1955-04-06
Garik,Swetland,gswetlandgr@feedburner.com,M,1958-01-03
Elihu,Gammet,egammetgs@csmonitor.com,M,1979-06-12
Rudiger,Blowfelde,rblowfeldegt@gov.uk,M,1929-12-15
Ange,Ashwood,aashwoodgu@infoseek.co.jp,M,1988-04-23
Olvan,Hardeman,ohardemangv@sciencedaily.com,M,1989-06-12
Kellia,Lindborg,klindborggw@flavors.me,F,1984-04-21
Johan,Veck,jveckgx@gov.uk,M,1975-10-17
Henrieta,Jezard,hjezardgy@twitpic.com,F,1936-05-06
Vevay,Cobb,vcobbgz@ning.com,F,1986-03-30
Gabe,Bedome,gbedomeh0@bloomberg.com,M,1943-03-02
Ruby,Looby,rloobyh1@amazon.com,F,1926-12-03
Agnes,Shambroke,ashambrokeh2@lulu.com,F,1972-11-16
Rosalind,Cossans,rcossansh3@4shared.com,F,1929-09-22
Andie,Dronsfield,adronsfieldh4@vimeo.com,F,1945-04-23
Sarina,Thody,sthodyh5@rediff.com,F,1969-05-01
Skipper,Itzig,sitzigh6@oracle.com,M,1962-01-02
Alano,Le Marquis,alemarquish7@ihg.com,M,1989-09-17
Priscilla,Janauschek,pjanauschekh8@kickstarter.com,F,1954-09-21
Martin,Hernik,mhernikh9@statcounter.com,M,1994-03-29
Abel,MacLice,amacliceha@indiegogo.com,M,1926-10-07
Noel,Hartegan,nharteganhb@scientificamerican.com,M,1930-05-13
Modesta,Fulks,mfulkshc@wikimedia.org,F,1972-10-28
Reta,Thorn,rthornhd@hugedomains.com,F,1942-06-22
Lazaro,Boyle,lboylehe@china.com.cn,M,1999-08-27
Nikolos,Burdytt,nburdytthf@goo.ne.jp,M,1957-08-19
Slade,Bailie,sbailiehg@walmart.com,M,1964-04-07
Nevins,Barlace,nbarlacehh@ovh.net,M,1996-07-02
Natala,Braemer,nbraemerhi@lycos.com,F,1922-11-11
Filmore,McDavid,fmcdavidhj@google.com.au,M,1992-09-25
Christoph,Luthwood,cluthwoodhk@sbwire.com,M,1984-02-19
Daffy,Meake,dmeakehl@flickr.com,F,1981-11-22
Alano,Tallman,atallmanhm@sfgate.com,M,1937-02-27
Sydney,McAline,smcalinehn@1688.com,M,1945-10-01
Peria,Babinski,pbabinskiho@ezinearticles.com,F,1979-02-05
Jamison,Fray,jfrayhp@exblog.jp,M,1961-06-24
Jarrid,Pothecary,jpothecaryhq@msn.com,M,1950-04-02
Reuben,Studde,rstuddehr@reverbnation.com,M,1992-06-20
Hugh,Wiggans,hwigganshs@over-blog.com,M,1925-06-02
Karol,Sindle,ksindleht@privacy.gov.au,F,1934-09-18
Veronika,Macias,vmaciashu@biblegateway.com,F,1972-07-05
Letizia,Cobello,lcobellohv@addtoany.com,F,1923-12-19
Giles,Fossord,gfossordhw@wikimedia.org,M,1977-11-25
Killie,Hegley,khegleyhx@amazonaws.com,M,1953-06-06
Amanda,Cammock,acammockhy@cloudflare.com,F,1961-11-21
Lynnet,Hamsher,lhamsherhz@umn.edu,F,1948-08-06
Aubrette,Curling,acurlingi0@digg.com,F,1953-11-17
Town,Mellenby,tmellenbyi1@wordpress.com,M,1949-12-06
Sheppard,Rehor,srehori2@businessweek.com,M,1964-02-03
Ermin,Masson,emassoni3@wordpress.org,M,1989-02-19
Lou,Cheley,lcheleyi4@gizmodo.com,M,1974-04-14
Dacy,Martinot,dmartinoti5@desdev.cn,F,1921-09-25
Clark,Worvell,cworvelli6@uol.com.br,M,1942-08-02
Brant,Roffey,broffeyi7@gmpg.org,M,1922-11-05
Virgie,Crockett,vcrocketti8@smh.com.au,F,1992-08-01
Shelley,Sharrard,ssharrardi9@go.com,M,1944-03-13
Ancell,Bercevelo,aberceveloia@moonfruit.com,M,1981-02-03
Rollins,Costelloe,rcostelloeib@constantcontact.com,M,1988-05-09
Lindi,Wressell,lwressellic@moonfruit.com,F,1934-06-24
Archibald,Cottu,acottuid@angelfire.com,M,1979-09-03
Terrell,Stimson,tstimsonie@ihg.com,M,1961-10-05
Orelle,Snoxell,osnoxellif@uol.com.br,F,1953-09-06
Jeralee,Fiveash,jfiveashig@blogspot.com,F,1984-06-05
Daile,Aaron,daaronih@studiopress.com,F,1927-02-25
Easter,Stoner,estonerii@weebly.com,F,1989-10-15
Missie,Carnaman,mcarnamanij@cbslocal.com,F,1929-02-19
Carmel,Piscopiello,cpiscopielloik@rediff.com,F,1957-11-10
Pearline,Jayme,pjaymeil@macromedia.com,F,1926-01-18
Roi,Ferby,rferbyim@cafepress.com,M,1938-08-10
Helyn,Lumber,hlumberin@gnu.org,F,1975-06-14
Tim,Bordes,tbordesio@yellowpages.com,M,1995-05-07
Rachel,Hatchard,rhatchardip@tmall.com,F,1928-05-29
Kaylyn,Calbaithe,kcalbaitheiq@cocolog-nifty.com,F,1930-02-08
Quentin,Benns,qbennsir@eventbrite.com,F,1926-11-19
Thatcher,Sambeck,tsambeckis@imgur.com,M,1930-01-08
Morty,Feathers,mfeathersit@linkedin.com,M,1954-02-04
Curt,Cuzen,ccuzeniu@vinaora.com,M,1930-12-08
Alisa,Regorz,aregorziv@cbslocal.com,F,1998-01-25
Calv,Hainey`,chaineyiw@mtv.com,M,1957-09-20
Cammy,Aspenlon,caspenlonix@si.edu,M,1985-04-27
Cherry,Moylane,cmoylaneiy@yolasite.com,F,1935-11-04
Tracee,Misson,tmissoniz@wsj.com,F,1969-04-20
Sidney,Daleman,sdalemanj0@google.com.hk,M,1990-01-27
Hesther,Eiler,heilerj1@jigsy.com,F,1996-05-09
Walther,Jedrzaszkiewicz,wjedrzaszkiewiczj2@geocities.com,M,1958-01-20
Gasper,Andreacci,gandreaccij3@ed.gov,M,1999-10-04
Joy,Blethin,jblethinj4@reference.com,F,1988-10-24
Ealasaid,Volage,evolagej5@theguardian.com,F,1936-05-25
Mason,Stockill,mstockillj6@mlb.com,M,1996-05-12
Kile,Mulqueen,kmulqueenj7@dropbox.com,M,1948-12-25
Alfy,Lampe,alampej8@xinhuanet.com,M,1970-02-12
Gunar,Ruperto,grupertoj9@arizona.edu,M,1976-04-01
Ludovico,Bardwall,lbardwallja@unc.edu,M,1992-09-06
Geoffry,Leaning,gleaningjb@china.com.cn,M,1947-05-19
Jacklyn,Westley,jwestleyjc@stanford.edu,F,1927-05-29
Aprilette,Jacobs,ajacobsjd@360.cn,F,1933-05-17
Barnard,Sebrook,bsebrookje@merriam-webster.com,M,1926-02-18
Michal,Swanbourne,mswanbournejf@latimes.com,M,1923-06-02
Rodolphe,Jest,rjestjg@nhs.uk,M,1934-01-17
Nealon,Cino,ncinojh@slate.com,M,2002-03-31
Anastasie,Okell,aokellji@eepurl.com,F,1961-09-13
Derrik,Gery,dgeryjj@istockphoto.com,M,1956-02-04
Mayor,Tipens,mtipensjk@columbia.edu,M,1963-03-01
Madge,De Caroli,mdecarolijl@dailymail.co.uk,F,1966-06-30
Con,Cominotti,ccominottijm@cargocollective.com,M,1973-08-19
Clayson,Carlson,ccarlsonjn@php.net,M,1921-08-31
Gamaliel,Mullard,gmullardjo@eepurl.com,M,1999-01-20
Orin,Safell,osafelljp@google.ru,M,1963-06-04
Wylma,Sholem,wsholemjq@symantec.com,F,1973-09-08
Eleanora,Kristoffersen,ekristoffersenjr@dedecms.com,F,1948-04-19
Blanche,McDavid,bmcdavidjs@squidoo.com,F,1934-02-06
Morry,Nevet,mnevetjt@yellowbook.com,M,1986-11-02
Flin,McCuaig,fmccuaigju@nymag.com,M,2000-05-03
Giraud,Curnokk,gcurnokkjv@webnode.com,M,1930-12-06
Reinaldos,Ilyasov,rilyasovjw@amazon.co.uk,M,1993-06-17
Marline,Skeete,mskeetejx@cloudflare.com,F,1993-06-28
Frederigo,Ferre,fferrejy@furl.net,M,1953-05-03
Gilda,Gennrich,ggennrichjz@merriam-webster.com,F,1989-05-24
Raimondo,MacHostie,rmachostiek0@simplemachines.org,M,1959-01-01
Mavis,Vahey,mvaheyk1@reference.com,F,1996-03-05
Jorgan,Rumble,jrumblek2@elpais.com,M,1960-11-15
Haywood,Damper,hdamperk3@google.com.au,M,1930-09-25
Jeanine,Walburn,jwalburnk4@histats.com,F,1955-01-10
William,Kleuer,wkleuerk5@sciencedirect.com,M,1960-09-08
Mattie,Rowswell,mrowswellk6@furl.net,M,1946-05-27
Roxanne,Twiddell,rtwiddellk7@cloudflare.com,F,1962-07-09
Wilton,Duinbleton,wduinbletonk8@cdbaby.com,M,1947-02-04
Erda,Rainsbury,erainsburyk9@tmall.com,F,1989-08-12
Lorne,Grattan,lgrattanka@shareasale.com,M,1935-01-05
Mari,Vannoort,mvannoortkb@ezinearticles.com,F,1961-09-05
Mallissa,Brittan,mbrittankc@epa.gov,F,1974-12-03
Konstanze,Rawls,krawlskd@tamu.edu,F,2001-01-24
Averil,Maffy,amaffyke@discovery.com,F,1932-12-19
Dennison,Malyj,dmalyjkf@businesswire.com,M,1973-05-08
Carmine,Tremmil,ctremmilkg@dropbox.com,M,1973-01-09
Marga,Bassick,mbassickkh@accuweather.com,F,2002-03-02
Free,Ashforth,fashforthki@trellian.com,M,1966-07-22
Daffi,Broadey,dbroadeykj@mediafire.com,F,1975-05-30
Cathy,Clews,cclewskk@yolasite.com,F,1996-03-04
Maurise,Kinset,mkinsetkl@theguardian.com,M,1955-10-16
Aeriela,Klimontovich,aklimontovichkm@booking.com,F,1997-01-01
Fremont,Baunton,fbauntonkn@smh.com.au,M,1925-10-08
Sibyl,Ducarne,sducarneko@google.com.hk,M,1940-01-25
Rogerio,Ivanishin,rivanishinkp@home.pl,M,1932-09-11
Frasco,Clewlow,fclewlowkq@google.ca,M,1991-08-29
Lindsey,Filipczynski,lfilipczynskikr@facebook.com,F,1939-03-04
Goldy,Shildrake,gshildrakeks@mapquest.com,F,1983-02-01
Giraud,Iacopini,giacopinikt@google.com.au,M,1992-11-17
Tabby,Rodgman,trodgmanku@cnet.com,F,1986-11-21
Madelyn,Bassill,mbassillkv@spotify.com,F,1995-02-14
Woodie,Dunlea,wdunleakw@aboutads.info,M,1965-03-05
Jillayne,Maulden,jmauldenkx@dagondesign.com,F,1972-07-21
Wells,Tripcony,wtripconyky@etsy.com,M,1981-09-06
Cortie,Torrecilla,ctorrecillakz@feedburner.com,M,1945-09-14
Laurence,Jeffries,ljeffriesl0@ustream.tv,M,1938-08-05
Sean,Geibel,sgeibell1@marriott.com,M,1982-06-23
Ricoriki,Canero,rcanerol2@smugmug.com,M,1933-05-19
Glenden,Dow,gdowl3@yale.edu,M,1980-11-13
Kristo,McGilmartin,kmcgilmartinl4@europa.eu,M,1922-07-03
Fredrika,Fronks,ffronksl5@globo.com,F,1930-06-30
Somerset,Cuttelar,scuttelarl6@ehow.com,M,1941-01-21
Edan,Filipyev,efilipyevl7@flavors.me,M,1949-11-17
Hector,Lettington,hlettingtonl8@bbb.org,M,1969-07-10
Hendrick,Belton,hbeltonl9@ifeng.com,M,1983-08-25
Ailyn,Elfitt,aelfittla@unc.edu,F,1955-06-15
Lucien,Mynott,lmynottlb@senate.gov,M,1938-09-27
Elisha,Patrickson,epatricksonlc@symantec.com,M,1934-03-08
Nester,Feavearyear,nfeavearyearld@tinypic.com,M,1985-10-03
Arman,Plastow,aplastowle@last.fm,M,1969-07-10
Brok,McCaughey,bmccaugheylf@liveinternet.ru,M,2000-06-19
Gibbie,Hamerton,ghamertonlg@ucsd.edu,M,1966-01-01
Mathilda,Apps,mappslh@japanpost.jp,F,1969-01-25
Stearne,Correa,scorreali@nbcnews.com,M,1952-10-08
Tamra,Fellis,tfellislj@vistaprint.com,F,1958-08-29
Abelard,Eby,aebylk@hugedomains.com,M,1934-07-29
Meir,Hawler,mhawlerll@samsung.com,M,1963-09-23
Ardeen,Rounsefell,arounsefelllm@hugedomains.com,F,1985-01-28
Cathe,Cupitt,ccupittln@freewebs.com,F,1930-09-29
Dion,Clackson,dclacksonlo@wufoo.com,F,1967-10-09
Arvie,Cadwaladr,acadwaladrlp@amazon.de,M,1995-09-18
Kata,Turner,kturnerlq@census.gov,F,2000-08-30
Salmon,Iacovides,siacovideslr@webmd.com,M,1975-10-29
Sayer,Foxall,sfoxallls@nationalgeographic.com,M,1988-11-28
Hillyer,O' Dornan,hodornanlt@mail.ru,M,1926-10-22
Morganica,Hasely,mhaselylu@usa.gov,F,1969-09-21
Marika,Mosedale,mmosedalelv@state.gov,F,1982-02-22
Jeniece,Gianasi,jgianasilw@domainmarket.com,F,1926-04-01
Kata,Cowherd,kcowherdlx@earthlink.net,F,1988-06-14
Traver,Sacase,tsacasely@dyndns.org,M,1966-05-26
Glen,Higginbottam,ghigginbottamlz@washingtonpost.com,M,1926-05-29
Paddie,Gatman,pgatmanm0@networkadvertising.org,M,1974-04-05
Kary,Jakobssen,kjakobssenm1@pinterest.com,F,1986-11-27
Gary,Chretien,gchretienm2@uiuc.edu,M,1969-03-09
Mort,Macura,mmacuram3@instagram.com,M,1979-05-09
Merv,Friskey,mfriskeym4@wp.com,M,1996-11-02
Zena,Rought,zroughtm5@xrea.com,F,1929-01-04
Phoebe,Trenfield,ptrenfieldm6@diigo.com,F,1941-03-10
Jonell,Stigell,jstigellm7@wired.com,F,1971-12-03
Christel,Marchetti,cmarchettim8@nasa.gov,F,1926-12-27
Francine,Speedin,fspeedinm9@ocn.ne.jp,F,1982-05-23
Hope,Deinhardt,hdeinhardtma@dot.gov,F,1994-01-05
Cordy,Oxbrow,coxbrowmb@soundcloud.com,F,1987-05-08
Hercule,Lettice,hletticemc@abc.net.au,M,1974-03-31
Dukey,Hanley,dhanleymd@netscape.com,M,1989-07-10
Mattie,Riping,mripingme@angelfire.com,M,1937-06-27
Roderigo,Howsan,rhowsanmf@cam.ac.uk,M,1976-02-23
Cindra,Teare,ctearemg@google.nl,F,1970-02-10
Vittoria,Boud,vboudmh@xing.com,F,1966-08-29
Lilla,Bather,lbathermi@mysql.com,F,1928-12-24
Ellery,Kightly,ekightlymj@nature.com,M,1965-06-16
Nikki,Wittey,nwitteymk@booking.com,M,1993-02-02
Flo,Medley,fmedleyml@bigcartel.com,F,1988-03-21
Eran,Harpham,eharphammm@pinterest.com,F,1996-08-29
Nealson,Cherrie,ncherriemn@unblog.fr,M,1956-01-11
Giavani,Bursnoll,gbursnollmo@weebly.com,M,1978-06-05
Tanitansy,Leeuwerink,tleeuwerinkmp@lulu.com,F,1925-10-29
Tabina,Delia,tdeliamq@creativecommons.org,F,2002-12-08
Wandie,Gouldstone,wgouldstonemr@seesaa.net,F,1980-01-06
Greggory,Corrado,gcorradoms@dropbox.com,M,1925-11-03
Koren,Grammer,kgrammermt@drupal.org,F,1975-07-03
Ric,Powton,rpowtonmu@ameblo.jp,M,2002-05-24
Melania,Bensley,mbensleymv@google.cn,F,1931-03-21
Joline,Rowbottom,jrowbottommw@salon.com,F,1963-01-29
Odelle,Northley,onorthleymx@jimdo.com,F,1955-12-20
Cad,Burrells,cburrellsmy@xrea.com,M,1943-08-13
Gregoor,Harrismith,gharrismithmz@devhub.com,M,1929-08-30
Thain,Dunklee,tdunkleen0@go.com,M,1999-04-03
Courtnay,Dearlove,cdearloven1@sourceforge.net,M,1966-10-06
Anatole,Gasgarth,agasgarthn2@tiny.cc,M,1953-12-14
Alberto,Shout,ashoutn3@google.es,M,1969-08-04
Gabby,Greggor,ggreggorn4@yale.edu,M,1984-01-16
Marve,Schwieso,mschwieson5@edublogs.org,M,1963-06-23
Bonita,Adamovicz,badamoviczn6@posterous.com,F,1977-12-10
Cesar,Farahar,cfaraharn7@ovh.net,M,1980-09-30
Laney,Conway,lconwayn8@businessinsider.com,M,1975-03-10
Emmy,Ubsdell,eubsdelln9@bravesites.com,M,1937-11-13
Shurlocke,Farnon,sfarnonna@go.com,M,1922-08-18
Drucie,Tubbles,dtubblesnb@admin.ch,F,1952-08-01
Danny,Abdey,dabdeync@baidu.com,M,1959-07-15
Emmalee,Antonacci,eantonaccind@nps.gov,F,1950-09-13
Ashien,Latter,alatterne@macromedia.com,F,1933-05-18
Maisey,Hubber,mhubbernf@diigo.com,F,1966-04-03
Wilton,Deering,wdeeringng@github.com,M,1980-09-21
Vinnie,Vyel,vvyelnh@cam.ac.uk,M,1934-01-15
Demetris,Quernel,dquernelni@paypal.com,M,1940-07-03
Joby,Rowles,jrowlesnj@microsoft.com,F,1931-01-16
Thekla,Hellikes,thellikesnk@usgs.gov,F,1922-10-15
Simone,Ratledge,sratledgenl@issuu.com,F,1944-04-05
Vaclav,D'Alwis,vdalwisnm@army.mil,M,1999-06-26
Brander,Arlt,barltnn@telegraph.co.uk,M,1969-05-30
Othilie,Abramof,oabramofno@salon.com,F,1962-05-12
Cortney,Jellicorse,cjellicorsenp@list-manage.com,F,1975-06-06
Dicky,Lasseter,dlasseternq@dyndns.org,M,1992-12-20
Mildred,Brockie,mbrockienr@issuu.com,F,1982-08-15
Gwenny,Plessing,gplessingns@seesaa.net,F,1953-02-24
Phillipe,Veryan,pveryannt@friendfeed.com,M,1923-10-22
Karel,Goulstone,kgoulstonenu@ihg.com,M,1934-05-29
Carce,Sevior,cseviornv@dyndns.org,M,1973-08-26
Krissy,Fieldgate,kfieldgatenw@nymag.com,F,1985-03-19
Booth,Earney,bearneynx@rambler.ru,M,1965-09-19
Gilemette,Pealing,gpealingny@google.co.uk,F,1970-01-03
Seamus,Gallager,sgallagernz@slate.com,M,1927-04-23
Stanislaus,Arckoll,sarckollo0@ask.com,M,1925-01-30
Tandi,McIlraith,tmcilraitho1@scientificamerican.com,F,1957-04-12
Tasha,Welford,twelfordo2@posterous.com,F,1983-02-13
Luz,Gemeau,lgemeauo3@sphinn.com,F,1983-03-31
Elga,Graeber,egraebero4@free.fr,F,1945-01-27
Garreth,Creswell,gcreswello5@mail.ru,M,1997-02-04
Lucinda,Fawcett,lfawcetto6@lulu.com,F,1938-11-09
Theadora,Joliffe,tjoliffeo7@ibm.com,F,1998-10-13
Maude,Ghion,mghiono8@xrea.com,F,1941-02-07
Murdoch,Readman,mreadmano9@sciencedirect.com,M,1970-05-20
Clemens,Mathiot,cmathiotoa@thetimes.co.uk,M,1933-12-26
Wendeline,Edling,wedlingob@bigcartel.com,F,1943-07-20
Meta,Shoubridge,mshoubridgeoc@gravatar.com,F,1924-11-03
Ichabod,Bassano,ibassanood@typepad.com,M,1989-09-01
Frazer,Tichner,ftichneroe@redcross.org,M,1923-10-11
Evy,Heimes,eheimesof@nytimes.com,F,1961-12-30
Sigrid,Clausen-Thue,sclausenthueog@stumbleupon.com,F,1945-10-06
Lezley,Simpkiss,lsimpkissoh@networkadvertising.org,M,1987-11-19
Taddeusz,Stirrup,tstirrupoi@gnu.org,M,1938-07-23
Scarlett,Paszek,spaszekoj@nih.gov,F,1979-10-16
Minette,Serjent,mserjentok@microsoft.com,F,1935-09-29
Nixie,Demeza,ndemezaol@prnewswire.com,F,1935-03-25
Avigdor,Luten,alutenom@people.com.cn,M,1996-10-17
Lay,Mannock,lmannockon@mac.com,M,1971-06-11
Lisha,Matokhnin,lmatokhninoo@nhs.uk,F,1959-05-02
Avery,Rubery,aruberyop@tamu.edu,M,1941-02-13
Mireielle,Bendon,mbendonoq@woothemes.com,F,1983-11-09
Sidnee,Scrammage,sscrammageor@github.com,M,1956-03-03
Sansone,Braams,sbraamsos@mashable.com,M,1939-02-21
Jeannette,McCarron,jmccarronot@dmoz.org,F,1922-09-08
Cary,Dmitrievski,cdmitrievskiou@yandex.ru,M,1992-01-05
Pren,Tole,ptoleov@naver.com,M,1988-12-23
Jenilee,Eagle,jeagleow@dyndns.org,F,1963-04-30
Karel,Fredy,kfredyox@tinypic.com,F,1991-06-01
Letta,Petyt,lpetytoy@nationalgeographic.com,F,1976-01-04
Jordanna,Beardsley,jbeardsleyoz@parallels.com,F,1964-03-18
Andria,Leggott,aleggottp0@360.cn,F,1952-05-05
Lanny,MacGaughey,lmacgaugheyp1@accuweather.com,F,1981-03-25
Oswald,Lauderdale,olauderdalep2@sourceforge.net,M,1992-01-11
Ingunna,Battrick,ibattrickp3@bravesites.com,F,1972-04-05
Lezley,Bagger,lbaggerp4@naver.com,M,1981-11-03
Lelah,L'Homme,llhommep5@hibu.com,F,1925-08-19
Kimball,Arnowitz,karnowitzp6@ed.gov,M,1976-09-06
Shantee,Blick,sblickp7@sbwire.com,F,1966-08-31
Sean,MacTague,smactaguep8@washingtonpost.com,F,1938-10-30
Gail,Gumery,ggumeryp9@aol.com,F,1981-08-26
Judon,Keyden,jkeydenpa@chron.com,M,1969-03-20
Karita,Fidilis,kfidilispb@slate.com,F,1973-01-11
Murdoch,Croisdall,mcroisdallpc@buzzfeed.com,M,1991-03-09
Marne,Mustoe,mmustoepd@mapy.cz,F,1948-07-25
Cecilius,Vanyutin,cvanyutinpe@istockphoto.com,M,1928-10-28
Bernardine,O'Sesnane,bosesnanepf@sun.com,F,1979-05-10
Cacilie,Luckman,cluckmanpg@123-reg.co.uk,F,1930-10-19
Cindie,Asbury,casburyph@google.com.hk,F,1983-08-15
Astra,Chetter,achetterpi@typepad.com,F,1922-01-22
Korella,Boxhill,kboxhillpj@over-blog.com,F,1990-05-14
Minda,Carnegy,mcarnegypk@nps.gov,F,2000-03-17
Abigael,Hardware,ahardwarepl@cnet.com,F,1996-08-15
Jamima,Skett,jskettpm@jugem.jp,F,1982-04-02
Homer,Hebble,hhebblepn@mozilla.com,M,1966-03-10
Aloysia,Sympson,asympsonpo@omniture.com,F,1925-02-22
Emelia,Dobing,edobingpp@state.gov,F,1982-06-23
Sosanna,Collough,scolloughpq@scientificamerican.com,F,1945-04-06
Davon,Kimpton,dkimptonpr@bloomberg.com,M,1921-04-04
Wanda,Simpson,wsimpsonps@bloglines.com,F,1925-07-06
Daisey,Girardoni,dgirardonipt@amazon.co.jp,F,1993-05-31
Linzy,Kless,lklesspu@hatena.ne.jp,F,1990-11-07
Ediva,Shapira,eshapirapv@cloudflare.com,F,1948-05-30
Evelyn,Aireton,eairetonpw@blinklist.com,F,1976-03-20
Tirrell,Pedracci,tpedraccipx@microsoft.com,M,1997-08-11
Agata,Flade,afladepy@engadget.com,F,1935-09-26
Timmy,Starmore,tstarmorepz@census.gov,F,1954-05-12
Elaina,McCurtin,emccurtinq0@ucoz.ru,F,1946-02-01
Koren,Bankes,kbankesq1@apple.com,F,1944-09-17
Gabrielle,Molfino,gmolfinoq2@reference.com,F,1944-10-15
Phip,Marunchak,pmarunchakq3@mediafire.com,M,1950-08-07
Colin,Maben,cmabenq4@phoca.cz,M,1992-04-13
Bengt,Wandrack,bwandrackq5@bbb.org,M,1980-07-08
Rolph,Cowerd,rcowerdq6@house.gov,M,1939-11-04
Bobbette,Caris,bcarisq7@constantcontact.com,F,1942-10-25
Cookie,McCathie,cmccathieq8@xing.com,F,1967-07-25
Angele,Le Jean,alejeanq9@miibeian.gov.cn,F,1962-04-21
Max,Aggas,maggasqa@salon.com,M,1986-06-15
Terrell,Fortoun,tfortounqb@hao123.com,M,1973-02-15
Lola,Happer,lhapperqc@vistaprint.com,F,1988-11-16
Zondra,Lynett,zlynettqd@usgs.gov,F,1995-09-10
Eddy,Labbez,elabbezqe@google.cn,M,2000-11-18
Gauthier,Torry,gtorryqf@1und1.de,M,1972-04-21
Staford,O'Flaherty,soflahertyqg@cbc.ca,M,1942-04-02
Emyle,Haughan,ehaughanqh@ft.com,F,1927-09-12
Maria,Gealy,mgealyqi@usda.gov,F,1930-11-24
Gunner,Schollick,gschollickqj@cmu.edu,M,1980-09-19
Tomaso,Doley,tdoleyqk@stanford.edu,M,1958-09-14
Jimmy,Pidgley,jpidgleyql@yellowpages.com,M,1951-01-06
Ursala,Dewan,udewanqm@aboutads.info,F,2001-07-23
Harmon,Hodgins,hhodginsqn@ca.gov,M,1930-06-15
Marlon,Menichelli,mmenichelliqo@google.it,M,1948-10-02
Hermine,Jillions,hjillionsqp@walmart.com,F,1959-03-07
Ferdy,Onion,fonionqq@tuttocitta.it,M,1922-10-02
Randy,Demann,rdemannqr@ucoz.com,M,1979-12-10
Linnell,Orsman,lorsmanqs@comcast.net,F,1968-10-05
Trina,Travis,ttravisqt@nsw.gov.au,F,1997-09-20
Hermina,Grouse,hgrousequ@weibo.com,F,1982-07-29
Vail,Avrahamian,vavrahamianqv@loc.gov,M,1962-11-24
Les,Eagleston,leaglestonqw@yahoo.co.jp,M,1969-10-23
Thatcher,Plows,tplowsqx@amazon.co.jp,M,1995-04-02
Craig,Chicchelli,cchicchelliqy@miibeian.gov.cn,M,1967-09-03
Mendel,Olyonov,molyonovqz@craigslist.org,M,1931-01-29
Sherrie,Guerrazzi,sguerrazzir0@businessweek.com,F,1995-12-02
Thurstan,McGeraghty,tmcgeraghtyr1@last.fm,M,1956-12-29
Sidoney,McAughtry,smcaughtryr2@baidu.com,F,1921-01-15
Rickie,Debenham,rdebenhamr3@businessweek.com,M,1941-06-10
Ashlen,Phalp,aphalpr4@jalbum.net,F,1947-10-16
Gerrie,Leipnik,gleipnikr5@usda.gov,F,1936-05-16
Sharl,Hawes,shawesr6@joomla.org,F,1998-03-26
Hubie,Bullent,hbullentr7@squidoo.com,M,1922-02-07
Sheilakathryn,Stenet,sstenetr8@google.co.jp,F,1936-08-10
Jehu,Kynson,jkynsonr9@icio.us,M,1930-10-23
Nonnah,Evennett,nevennettra@bluehost.com,F,1942-12-19
Bradan,McPaike,bmcpaikerb@redcross.org,M,1954-09-29
Alessandro,Antonioni,aantonionirc@seesaa.net,M,1978-01-05
Tate,Copsey,tcopseyrd@fema.gov,M,1967-06-25
Glynda,Rowet,growetre@tmall.com,F,2000-01-04
Isa,Barradell,ibarradellrf@oaic.gov.au,M,1946-09-29
Aloin,Simmon,asimmonrg@g.co,M,1948-10-14
Caye,Waud,cwaudrh@hc360.com,F,1955-08-30
Bryn,Deeming,bdeemingri@unblog.fr,M,1986-10-09
Addie,Olver,aolverrj@gnu.org,M,1983-03-17
Erma,Gerauld,egerauldrk@yale.edu,F,1981-06-12
Dareen,Daymont,ddaymontrl@instagram.com,F,1936-07-19
Leontine,Davey,ldaveyrm@techcrunch.com,F,1995-03-15
Sharl,Stroulger,sstroulgerrn@wordpress.com,F,1936-09-07
Scarlet,Leeuwerink,sleeuwerinkro@cdbaby.com,F,1980-11-30
Karla,Juza,kjuzarp@cnbc.com,F,1998-07-12
Justis,Murrells,jmurrellsrq@webnode.com,M,1966-04-26
Katrinka,Corss,kcorssrr@businesswire.com,F,1933-09-11
